"round","learning_rate","max_depth","mds","sb_sample","spw","auc","Fmeasure","precision","recall","fnm","x","y","n"
1,1,2,0,0.5,9,0.63841829707533,0.272217858078031,0.180285793562708,0.555460568497542,"dt_x_custInfo_cc_y.train30.test30.roll30_ret_grid.csv","custInfo","cc","y.train30.test30.roll30"
2,1,8,0,0.5,9,0.600073240168391,0.254175212423088,0.193357851331773,0.370805727719598,"dt_x_custInfo_cc_y.train30.test30.roll30_ret_grid.csv","custInfo","cc","y.train30.test30.roll30"
3,1,2,0,1,9,0.61843112153756,0.253920604523575,0.167531757956563,0.524257319940158,"dt_x_custInfo_cc_y.train30.test30.roll30_ret_grid.csv","custInfo","cc","y.train30.test30.roll30"
4,1,8,0,1,9,0.603349369823736,0.265818602345944,0.216641981957722,0.343876896772815,"dt_x_custInfo_cc_y.train30.test30.roll30_ret_grid.csv","custInfo","cc","y.train30.test30.roll30"
1,1,2,0,0.5,30,0.659816094076166,0.120638526089974,0.0668952487579596,0.613607188703466,"dt_x_custInfo_cc_y.train60.test30.roll30-9508_ret_grid.csv","custInfo","cc","y.train60.test30.roll30-9508"
2,1,8,0,0.5,30,0.652206783923317,0.118345461509,0.0657074000567054,0.594993581514763,"dt_x_custInfo_cc_y.train60.test30.roll30-9508_ret_grid.csv","custInfo","cc","y.train60.test30.roll30-9508"
3,1,2,0,1,30,0.626966809889875,0.11342477435861,0.0637736753776073,0.51219512195122,"dt_x_custInfo_cc_y.train60.test30.roll30-9508_ret_grid.csv","custInfo","cc","y.train60.test30.roll30-9508"
4,1,8,0,1,30,0.589291521257552,0.165413533834586,0.128223242670434,0.232991014120668,"dt_x_custInfo_cc_y.train60.test30.roll30-9508_ret_grid.csv","custInfo","cc","y.train60.test30.roll30-9508"
1,1,2,0,0.5,20,0.613073093655584,0.140697078421322,0.0818242790073776,0.501598903608954,"dt_x_custInfo_cc_y.train60.test30.roll30-9538_ret_grid.csv","custInfo","cc","y.train60.test30.roll30-9538"
2,1,8,0,0.5,20,0.609609333581306,0.13807874015748,0.080081835452287,0.500685244403837,"dt_x_custInfo_cc_y.train60.test30.roll30-9538_ret_grid.csv","custInfo","cc","y.train60.test30.roll30-9538"
3,1,2,0,1,20,0.583221214500852,0.122728090696419,0.0706394144455186,0.467336683417085,"dt_x_custInfo_cc_y.train60.test30.roll30-9538_ret_grid.csv","custInfo","cc","y.train60.test30.roll30-9538"
4,1,8,0,1,20,0.568488847914143,0.151765828825962,0.116426653649011,0.217907720420283,"dt_x_custInfo_cc_y.train60.test30.roll30-9538_ret_grid.csv","custInfo","cc","y.train60.test30.roll30-9538"
1,1,2,0,0.5,20,0.613073093655584,0.140697078421322,0.0818242790073776,0.501598903608954,"dt_x_custInfo_cc_y.train90.test30.roll30_ret_grid.csv","custInfo","cc","y.train90.test30.roll30"
2,1,8,0,0.5,20,0.609609333581306,0.13807874015748,0.080081835452287,0.500685244403837,"dt_x_custInfo_cc_y.train90.test30.roll30_ret_grid.csv","custInfo","cc","y.train90.test30.roll30"
3,1,2,0,1,20,0.583221214500852,0.122728090696419,0.0706394144455186,0.467336683417085,"dt_x_custInfo_cc_y.train90.test30.roll30_ret_grid.csv","custInfo","cc","y.train90.test30.roll30"
4,1,8,0,1,20,0.568488847914143,0.151765828825962,0.116426653649011,0.217907720420283,"dt_x_custInfo_cc_y.train90.test30.roll30_ret_grid.csv","custInfo","cc","y.train90.test30.roll30"
1,1,2,0,0.5,4,0.611697275824533,0.412314864826449,0.302494368899641,0.647326608944033,"dt_x_custInfo_fx_y.train30.test30.roll30_ret_grid.csv","custInfo","fx","y.train30.test30.roll30"
2,1,8,0,0.5,4,0.677266929354424,0.48631090487239,0.405186771353795,0.608051414799607,"dt_x_custInfo_fx_y.train30.test30.roll30_ret_grid.csv","custInfo","fx","y.train30.test30.roll30"
3,1,2,0,1,4,0.619938183852321,0.419450896313501,0.314714687877028,0.628670891725431,"dt_x_custInfo_fx_y.train30.test30.roll30_ret_grid.csv","custInfo","fx","y.train30.test30.roll30"
4,1,8,0,1,4,0.699564864258977,0.516112456874404,0.438259677117746,0.627599750066946,"dt_x_custInfo_fx_y.train30.test30.roll30_ret_grid.csv","custInfo","fx","y.train30.test30.roll30"
1,1,2,0,0.5,10,0.600733463462651,0.215413601291943,0.132886871817578,0.568418560606061,"dt_x_custInfo_fx_y.train60.test30.roll30-9508_ret_grid.csv","custInfo","fx","y.train60.test30.roll30-9508"
2,1,8,0,0.5,10,0.53841652227569,0.168962590585624,0.116650139727756,0.306344696969697,"dt_x_custInfo_fx_y.train60.test30.roll30-9508_ret_grid.csv","custInfo","fx","y.train60.test30.roll30-9508"
3,1,2,0,1,10,0.579820637462871,0.202598908265301,0.127268313406567,0.496448863636364,"dt_x_custInfo_fx_y.train60.test30.roll30-9508_ret_grid.csv","custInfo","fx","y.train60.test30.roll30-9508"
4,1,8,0,1,10,0.526932252352841,0.149895543175487,0.118529735682819,0.203835227272727,"dt_x_custInfo_fx_y.train60.test30.roll30-9508_ret_grid.csv","custInfo","fx","y.train60.test30.roll30-9508"
1,1,2,0,0.5,12,0.587793947597031,0.180059785475646,0.106900511535651,0.570473537604457,"dt_x_custInfo_fx_y.train60.test30.roll30-9538_ret_grid.csv","custInfo","fx","y.train60.test30.roll30-9538"
2,1,8,0,0.5,12,0.528820755441732,0.143209586466165,0.0907399136519279,0.339554317548747,"dt_x_custInfo_fx_y.train60.test30.roll30-9538_ret_grid.csv","custInfo","fx","y.train60.test30.roll30-9538"
3,1,2,0,1,12,0.564803516991939,0.168263796746769,0.102154066471747,0.476880222841226,"dt_x_custInfo_fx_y.train60.test30.roll30-9538_ret_grid.csv","custInfo","fx","y.train60.test30.roll30-9538"
4,1,8,0,1,12,0.515692642759026,0.119320426708811,0.0924395469850015,0.168245125348189,"dt_x_custInfo_fx_y.train60.test30.roll30-9538_ret_grid.csv","custInfo","fx","y.train60.test30.roll30-9538"
1,1,2,0,0.5,12,0.587793947597031,0.180059785475646,0.106900511535651,0.570473537604457,"dt_x_custInfo_fx_y.train90.test30.roll30_ret_grid.csv","custInfo","fx","y.train90.test30.roll30"
2,1,8,0,0.5,12,0.528820755441732,0.143209586466165,0.0907399136519279,0.339554317548747,"dt_x_custInfo_fx_y.train90.test30.roll30_ret_grid.csv","custInfo","fx","y.train90.test30.roll30"
3,1,2,0,1,12,0.564803516991939,0.168263796746769,0.102154066471747,0.476880222841226,"dt_x_custInfo_fx_y.train90.test30.roll30_ret_grid.csv","custInfo","fx","y.train90.test30.roll30"
4,1,8,0,1,12,0.515692642759026,0.119320426708811,0.0924395469850015,0.168245125348189,"dt_x_custInfo_fx_y.train90.test30.roll30_ret_grid.csv","custInfo","fx","y.train90.test30.roll30"
1,1,2,0,0.5,81,0.599501598539715,0.0351398986560916,0.0181270598931697,0.57168458781362,"dt_x_custInfo_ln_y.train30.test30.roll30_ret_grid.csv","custInfo","ln","y.train30.test30.roll30"
2,1,8,0,0.5,81,0.576930825393203,0.0332346365339295,0.0171971734100431,0.492831541218638,"dt_x_custInfo_ln_y.train30.test30.roll30_ret_grid.csv","custInfo","ln","y.train30.test30.roll30"
3,1,2,0,1,81,0.551648997538258,0.0328727535446582,0.0173086067522587,0.326164874551971,"dt_x_custInfo_ln_y.train30.test30.roll30_ret_grid.csv","custInfo","ln","y.train30.test30.roll30"
4,1,8,0,1,81,0.513475957276208,0.0331997710360618,0.024390243902439,0.0519713261648745,"dt_x_custInfo_ln_y.train30.test30.roll30_ret_grid.csv","custInfo","ln","y.train30.test30.roll30"
1,1,2,0,0.5,361,0.578961241099881,0.0079288168443309,0.00398918487655689,0.638297872340426,"dt_x_custInfo_ln_y.train60.test30.roll30-9508_ret_grid.csv","custInfo","ln","y.train60.test30.roll30-9508"
2,1,8,0,0.5,361,0.565171874151909,0.00907534246575342,0.00459311898778057,0.375886524822695,"dt_x_custInfo_ln_y.train60.test30.roll30-9508_ret_grid.csv","custInfo","ln","y.train60.test30.roll30-9508"
3,1,2,0,1,361,0.562141793029335,0.00871011164779476,0.00440422805893658,0.390070921985816,"dt_x_custInfo_ln_y.train60.test30.roll30-9508_ret_grid.csv","custInfo","ln","y.train60.test30.roll30-9508"
4,1,8,0,1,361,0.504216915328749,0.00970873786407767,0.00738007380073801,0.0141843971631206,"dt_x_custInfo_ln_y.train60.test30.roll30-9508_ret_grid.csv","custInfo","ln","y.train60.test30.roll30-9508"
1,1,2,0,0.5,125,0.61060541996104,0.0231579899588403,0.0117787797920309,0.682666666666667,"dt_x_custInfo_ln_y.train60.test30.roll30-9538_ret_grid.csv","custInfo","ln","y.train60.test30.roll30-9538"
2,1,8,0,0.5,125,0.612862782170276,0.0263376590168126,0.0134922714173435,0.549333333333333,"dt_x_custInfo_ln_y.train60.test30.roll30-9538_ret_grid.csv","custInfo","ln","y.train60.test30.roll30-9538"
3,1,2,0,1,125,0.560288501203163,0.023663211960011,0.0122530395136778,0.344,"dt_x_custInfo_ln_y.train60.test30.roll30-9538_ret_grid.csv","custInfo","ln","y.train60.test30.roll30-9538"
4,1,8,0,1,125,0.515438209006531,0.0302521008403361,0.0220858895705521,0.048,"dt_x_custInfo_ln_y.train60.test30.roll30-9538_ret_grid.csv","custInfo","ln","y.train60.test30.roll30-9538"
1,1,2,0,0.5,125,0.61060541996104,0.0231579899588403,0.0117787797920309,0.682666666666667,"dt_x_custInfo_ln_y.train90.test30.roll30_ret_grid.csv","custInfo","ln","y.train90.test30.roll30"
2,1,8,0,0.5,125,0.612862782170276,0.0263376590168126,0.0134922714173435,0.549333333333333,"dt_x_custInfo_ln_y.train90.test30.roll30_ret_grid.csv","custInfo","ln","y.train90.test30.roll30"
3,1,2,0,1,125,0.560288501203163,0.023663211960011,0.0122530395136778,0.344,"dt_x_custInfo_ln_y.train90.test30.roll30_ret_grid.csv","custInfo","ln","y.train90.test30.roll30"
4,1,8,0,1,125,0.515438209006531,0.0302521008403361,0.0220858895705521,0.048,"dt_x_custInfo_ln_y.train90.test30.roll30_ret_grid.csv","custInfo","ln","y.train90.test30.roll30"
1,1,2,0,0.5,21,0.736648219821037,0.232426303854875,0.140755272192251,0.66651184393869,"dt_x_custInfo_wm_y.train30.test30.roll30_ret_grid.csv","custInfo","wm","y.train30.test30.roll30"
2,1,8,0,0.5,21,0.722096017123343,0.208465761340653,0.123428278162689,0.670227589410125,"dt_x_custInfo_wm_y.train30.test30.roll30_ret_grid.csv","custInfo","wm","y.train30.test30.roll30"
3,1,2,0,1,21,0.743122525002225,0.226230740323187,0.134953371592539,0.699024616813748,"dt_x_custInfo_wm_y.train30.test30.roll30_ret_grid.csv","custInfo","wm","y.train30.test30.roll30"
4,1,8,0,1,21,0.720237458001629,0.386872020535387,0.319600121175401,0.490013934045518,"dt_x_custInfo_wm_y.train30.test30.roll30_ret_grid.csv","custInfo","wm","y.train30.test30.roll30"
1,1,2,0,0.5,70,0.734824297526486,0.0841643033574239,0.0448517940717629,0.681481481481481,"dt_x_custInfo_wm_y.train60.test30.roll30-9508_ret_grid.csv","custInfo","wm","y.train60.test30.roll30-9508"
2,1,8,0,0.5,70,0.655912486745027,0.0623884402889928,0.033092876465284,0.543703703703704,"dt_x_custInfo_wm_y.train60.test30.roll30-9508_ret_grid.csv","custInfo","wm","y.train60.test30.roll30-9508"
3,1,2,0,1,70,0.701879787407856,0.0777525539160045,0.041527735677478,0.608888888888889,"dt_x_custInfo_wm_y.train60.test30.roll30-9508_ret_grid.csv","custInfo","wm","y.train60.test30.roll30-9508"
4,1,8,0,1,70,0.529323251544945,0.0592207792207792,0.0456,0.0844444444444444,"dt_x_custInfo_wm_y.train60.test30.roll30-9508_ret_grid.csv","custInfo","wm","y.train60.test30.roll30-9508"
1,1,2,0,0.5,55,0.736716901870596,0.103954379732635,0.0563094996961718,0.675577156743621,"dt_x_custInfo_wm_y.train60.test30.roll30-9538_ret_grid.csv","custInfo","wm","y.train60.test30.roll30-9538"
2,1,8,0,0.5,55,0.719189425797627,0.0876352395672334,0.0467937608318891,0.688942891859052,"dt_x_custInfo_wm_y.train60.test30.roll30-9538_ret_grid.csv","custInfo","wm","y.train60.test30.roll30-9538"
3,1,2,0,1,55,0.719869408256972,0.0968062969329594,0.052297165200391,0.650060753341434,"dt_x_custInfo_wm_y.train60.test30.roll30-9538_ret_grid.csv","custInfo","wm","y.train60.test30.roll30-9538"
4,1,8,0,1,55,0.541792278400026,0.0807213396307428,0.0624169986719788,0.114216281895504,"dt_x_custInfo_wm_y.train60.test30.roll30-9538_ret_grid.csv","custInfo","wm","y.train60.test30.roll30-9538"
1,1,2,0,0.5,55,0.736716901870596,0.103954379732635,0.0563094996961718,0.675577156743621,"dt_x_custInfo_wm_y.train90.test30.roll30_ret_grid.csv","custInfo","wm","y.train90.test30.roll30"
2,1,8,0,0.5,55,0.719189425797627,0.0876352395672334,0.0467937608318891,0.688942891859052,"dt_x_custInfo_wm_y.train90.test30.roll30_ret_grid.csv","custInfo","wm","y.train90.test30.roll30"
3,1,2,0,1,55,0.719869408256972,0.0968062969329594,0.052297165200391,0.650060753341434,"dt_x_custInfo_wm_y.train90.test30.roll30_ret_grid.csv","custInfo","wm","y.train90.test30.roll30"
4,1,8,0,1,55,0.541792278400026,0.0807213396307428,0.0624169986719788,0.114216281895504,"dt_x_custInfo_wm_y.train90.test30.roll30_ret_grid.csv","custInfo","wm","y.train90.test30.roll30"
1,1,2,0,0.5,22,0.801618083997339,0.583302548947174,0.545423143350604,0.62683604605002,"dt_9478_x_ben.recent.wayback_cc_y.train30.test30.roll30_ret_grid.csv","ben.recent.wayback","cc","9478"
2,1,8,0,0.5,22,0.800694650003801,0.531364088947892,0.456515540347876,0.635569670504168,"dt_9478_x_ben.recent.wayback_cc_y.train30.test30.roll30_ret_grid.csv","ben.recent.wayback","cc","9478"
3,1,2,0,1,22,0.793474633760413,0.45260796410544,0.349880771732062,0.640730448590711,"dt_9478_x_ben.recent.wayback_cc_y.train30.test30.roll30_ret_grid.csv","ben.recent.wayback","cc","9478"
4,1,8,0,1,22,0.794854367108026,0.438102893890675,0.330637007077856,0.649067090115125,"dt_9478_x_ben.recent.wayback_cc_y.train30.test30.roll30_ret_grid.csv","ben.recent.wayback","cc","9478"
1,1,2,0,0.5,8,0.840483341133253,0.481158393481823,0.329272727272727,0.893144829853691,"dt_9478_x_ben.recent.wayback_fx_y.train30.test30.roll30_ret_grid.csv","ben.recent.wayback","fx","9478"
2,1,8,0,0.5,8,0.839994870576143,0.478478566408995,0.326460893017681,0.895446325826073,"dt_9478_x_ben.recent.wayback_fx_y.train30.test30.roll30_ret_grid.csv","ben.recent.wayback","fx","9478"
3,1,2,0,1,8,0.797458133277698,0.481237587540504,0.352769902689449,0.756863389774782,"dt_9478_x_ben.recent.wayback_fx_y.train30.test30.roll30_ret_grid.csv","ben.recent.wayback","fx","9478"
4,1,8,0,1,8,0.715239573496859,0.476772424598512,0.455402574079617,0.500246588854184,"dt_9478_x_ben.recent.wayback_fx_y.train30.test30.roll30_ret_grid.csv","ben.recent.wayback","fx","9478"
1,1,2,0,0.5,184,0.811205546892508,0.222707423580786,0.134564643799472,0.645569620253165,"dt_9478_x_ben.recent.wayback_ln_y.train30.test30.roll30_ret_grid.csv","ben.recent.wayback","ln","9478"
2,1,8,0,0.5,184,0.818771984546385,0.0812433768986224,0.0430228208005986,0.727848101265823,"dt_9478_x_ben.recent.wayback_ln_y.train30.test30.roll30_ret_grid.csv","ben.recent.wayback","ln","9478"
3,1,2,0,1,184,0.814807281145468,0.126210742588788,0.0695567777418311,0.680379746835443,"dt_9478_x_ben.recent.wayback_ln_y.train30.test30.roll30_ret_grid.csv","ben.recent.wayback","ln","9478"
4,1,8,0,1,184,0.789066328059314,0.258241758241758,0.164912280701754,0.594936708860759,"dt_9478_x_ben.recent.wayback_ln_y.train30.test30.roll30_ret_grid.csv","ben.recent.wayback","ln","9478"
1,1,2,0,0.5,45,0.868908851574018,0.181705233731946,0.100749160423663,0.924901185770751,"dt_9478_x_ben.recent.wayback_wm_y.train30.test30.roll30_ret_grid.csv","ben.recent.wayback","wm","9478"
2,1,8,0,0.5,45,0.86605502865648,0.217614533965245,0.124337131896649,0.871146245059289,"dt_9478_x_ben.recent.wayback_wm_y.train30.test30.roll30_ret_grid.csv","ben.recent.wayback","wm","9478"
3,1,2,0,1,45,0.880901415192537,0.214073523950984,0.121279057536552,0.911462450592885,"dt_9478_x_ben.recent.wayback_wm_y.train30.test30.roll30_ret_grid.csv","ben.recent.wayback","wm","9478"
4,1,8,0,1,45,0.777539677931465,0.286713286713287,0.186855360997841,0.615810276679842,"dt_9478_x_ben.recent.wayback_wm_y.train30.test30.roll30_ret_grid.csv","ben.recent.wayback","wm","9478"
1,1,2,0,0.5,40,0.574339607585574,0.0567212358773346,0.0294842818985001,0.744165946413137,"dt_9478_x_bencode_cc_y.train30.test30.roll30_ret_grid.csv","bencode","cc","9478"
2,1,8,0,0.5,40,0.56958817709242,0.0559117388615875,0.0290497125464998,0.742437337942956,"dt_9478_x_bencode_cc_y.train30.test30.roll30_ret_grid.csv","bencode","cc","9478"
3,1,2,0,1,40,0.577916519212414,0.0579689653953554,0.0302203877054618,0.708729472774417,"dt_9478_x_bencode_cc_y.train30.test30.roll30_ret_grid.csv","bencode","cc","9478"
4,1,8,0,1,40,0.577799539494171,0.0579617834394904,0.0302180570416559,0.707865168539326,"dt_9478_x_bencode_cc_y.train30.test30.roll30_ret_grid.csv","bencode","cc","9478"
1,1,2,0,0.5,15,0.592470209638124,0.17803113352335,0.115373685706167,0.389635316698656,"dt_9478_x_bencode_fx_y.train30.test30.roll30_ret_grid.csv","bencode","fx","9478"
2,1,8,0,0.5,15,0.570208864041992,0.168651555897042,0.120505078232226,0.2808701215611,"dt_9478_x_bencode_fx_y.train30.test30.roll30_ret_grid.csv","bencode","fx","9478"
3,1,2,0,1,15,0.548139419162827,0.148480318883906,0.121583027335781,0.19065898912348,"dt_9478_x_bencode_fx_y.train30.test30.roll30_ret_grid.csv","bencode","fx","9478"
4,1,8,0,1,15,0.530014782434271,0.120803357314149,0.113649182177101,0.12891874600128,"dt_9478_x_bencode_fx_y.train30.test30.roll30_ret_grid.csv","bencode","fx","9478"
1,1,2,0,0.5,332,0.56589749334638,0.00646475094546983,0.00324612088554178,0.763358778625954,"dt_9478_x_bencode_ln_y.train30.test30.roll30_ret_grid.csv","bencode","ln","9478"
2,1,8,0,0.5,332,0.522613124106132,0.00578098130328199,0.00290441176470588,0.603053435114504,"dt_9478_x_bencode_ln_y.train30.test30.roll30_ret_grid.csv","bencode","ln","9478"
3,1,2,0,1,332,0.519350255586003,0.00572405590246803,0.00287603182310537,0.587786259541985,"dt_9478_x_bencode_ln_y.train30.test30.roll30_ret_grid.csv","bencode","ln","9478"
4,1,8,0,1,332,0.51566715428219,0.00565265898103384,0.00284016592548302,0.580152671755725,"dt_9478_x_bencode_ln_y.train30.test30.roll30_ret_grid.csv","bencode","ln","9478"
1,1,2,0,0.5,79,0.588990533609187,0.0360593277997006,0.0187557505839054,0.46572934973638,"dt_9478_x_bencode_wm_y.train30.test30.roll30_ret_grid.csv","bencode","wm","9478"
2,1,8,0,0.5,79,0.538157538564032,0.0301328841474827,0.0159138084412375,0.282952548330404,"dt_9478_x_bencode_wm_y.train30.test30.roll30_ret_grid.csv","bencode","wm","9478"
3,1,2,0,1,79,0.503818987488924,0.0218368657675016,0.0133595284872299,0.0597539543057996,"dt_9478_x_bencode_wm_y.train30.test30.roll30_ret_grid.csv","bencode","wm","9478"
4,1,8,0,1,79,0.504763343147794,0.0224942110486272,0.0138549307253464,0.0597539543057996,"dt_9478_x_bencode_wm_y.train30.test30.roll30_ret_grid.csv","bencode","wm","9478"
1,1,2,0,0.5,47,0.541407208949722,0.0472044728434505,0.0246096189881324,0.576585365853658,"dt_9478_x_recent.wayback_cc_y.train30.test30.roll30_ret_grid.csv","recent.wayback","cc","9478"
2,1,8,0,0.5,47,0.540886519736,0.0480037798251831,0.0252234359483615,0.495609756097561,"dt_9478_x_recent.wayback_cc_y.train30.test30.roll30_ret_grid.csv","recent.wayback","cc","9478"
3,1,2,0,1,47,0.51458278384719,0.0433964993490525,0.0234356690883525,0.292682926829268,"dt_9478_x_recent.wayback_cc_y.train30.test30.roll30_ret_grid.csv","recent.wayback","cc","9478"
4,1,8,0,1,47,0.50068650935039,0.0382546323968918,0.0213025629646067,0.187317073170732,"dt_9478_x_recent.wayback_cc_y.train30.test30.roll30_ret_grid.csv","recent.wayback","cc","9478"
1,1,2,0,0.5,9,0.8059559121862,0.405723905723906,0.264322580645161,0.872444633730835,"dt_9478_x_recent.wayback_fx_y.train30.test30.roll30_ret_grid.csv","recent.wayback","fx","9478"
2,1,8,0,0.5,9,0.633606437162714,0.310025706940874,0.259392027530829,0.385221465076661,"dt_9478_x_recent.wayback_fx_y.train30.test30.roll30_ret_grid.csv","recent.wayback","fx","9478"
3,1,2,0,1,9,0.770454412408994,0.397781475318913,0.268936553172341,0.763628620102215,"dt_9478_x_recent.wayback_fx_y.train30.test30.roll30_ret_grid.csv","recent.wayback","fx","9478"
4,1,8,0,1,9,0.642493683591693,0.33511486169714,0.299380130675155,0.380536626916525,"dt_9478_x_recent.wayback_fx_y.train30.test30.roll30_ret_grid.csv","recent.wayback","fx","9478"
1,1,2,0,0.5,371,0.733390388685894,0.0303202577221906,0.0155732918045552,0.571428571428571,"dt_9478_x_recent.wayback_ln_y.train30.test30.roll30_ret_grid.csv","recent.wayback","ln","9478"
2,1,8,0,0.5,371,0.617125178852271,0.0152470312270928,0.00778326597814698,0.371428571428571,"dt_9478_x_recent.wayback_ln_y.train30.test30.roll30_ret_grid.csv","recent.wayback","ln","9478"
3,1,2,0,1,371,0.508740111390968,0.00725426187885383,0.00382116927779901,0.0714285714285714,"dt_9478_x_recent.wayback_ln_y.train30.test30.roll30_ret_grid.csv","recent.wayback","ln","9478"
4,1,8,0,1,371,0.496523762224035,0.00470035252643948,0.00248653128885205,0.0428571428571429,"dt_9478_x_recent.wayback_ln_y.train30.test30.roll30_ret_grid.csv","recent.wayback","ln","9478"
1,1,2,0,0.5,50,0.864798513607974,0.185274197072318,0.103477730323368,0.884254431699687,"dt_9478_x_recent.wayback_wm_y.train30.test30.roll30_ret_grid.csv","recent.wayback","wm","9478"
2,1,8,0,0.5,50,0.837534361950155,0.164902280130293,0.0913705583756345,0.844629822732012,"dt_9478_x_recent.wayback_wm_y.train30.test30.roll30_ret_grid.csv","recent.wayback","wm","9478"
3,1,2,0,1,50,0.838951061514956,0.186328032281035,0.105129235301995,0.818561001042753,"dt_9478_x_recent.wayback_wm_y.train30.test30.roll30_ret_grid.csv","recent.wayback","wm","9478"
4,1,8,0,1,50,0.721204792777973,0.18488010250778,0.112122557726465,0.526590198123045,"dt_9478_x_recent.wayback_wm_y.train30.test30.roll30_ret_grid.csv","recent.wayback","wm","9478"
1,1,2,0,0.5,19,0.789056831250586,0.544261338777891,0.490407358738502,0.611402359108781,"dt_9508_x_ben.recent.wayback_cc_y.train30.test30.roll30_ret_grid.csv","ben.recent.wayback","cc","9508"
2,1,8,0,0.5,19,0.790227752154074,0.506645401382244,0.426207513416816,0.624508519003932,"dt_9508_x_ben.recent.wayback_cc_y.train30.test30.roll30_ret_grid.csv","ben.recent.wayback","cc","9508"
3,1,2,0,1,19,0.782425989167662,0.471530471780753,0.381453735574003,0.617300131061599,"dt_9508_x_ben.recent.wayback_cc_y.train30.test30.roll30_ret_grid.csv","ben.recent.wayback","cc","9508"
4,1,8,0,1,19,0.782992532224935,0.475457413249211,0.386620151857172,0.617300131061599,"dt_9508_x_ben.recent.wayback_cc_y.train30.test30.roll30_ret_grid.csv","ben.recent.wayback","cc","9508"
1,1,2,0,0.5,7,0.835244687000871,0.541077480425383,0.391885791671369,0.873694804377909,"dt_9508_x_ben.recent.wayback_fx_y.train30.test30.roll30_ret_grid.csv","ben.recent.wayback","fx","9508"
2,1,8,0,0.5,7,0.835125644186649,0.545576938306803,0.398093036694597,0.866649893068311,"dt_9508_x_ben.recent.wayback_fx_y.train30.test30.roll30_ret_grid.csv","ben.recent.wayback","fx","9508"
3,1,2,0,1,7,0.811624764278422,0.542170229237452,0.411906940269246,0.792929928292867,"dt_9508_x_ben.recent.wayback_fx_y.train30.test30.roll30_ret_grid.csv","ben.recent.wayback","fx","9508"
4,1,8,0,1,7,0.734704423978056,0.530507542906004,0.515550807217474,0.546358032456913,"dt_9508_x_ben.recent.wayback_fx_y.train30.test30.roll30_ret_grid.csv","ben.recent.wayback","fx","9508"
1,1,2,0,0.5,129,0.832628912046405,0.125065319630726,0.068237977570804,0.747916666666667,"dt_9508_x_ben.recent.wayback_ln_y.train30.test30.roll30_ret_grid.csv","ben.recent.wayback","ln","9508"
2,1,8,0,0.5,129,0.830092826790773,0.169424549271425,0.0961053516391146,0.714583333333333,"dt_9508_x_ben.recent.wayback_ln_y.train30.test30.roll30_ret_grid.csv","ben.recent.wayback","ln","9508"
3,1,2,0,1,129,0.798439818561986,0.286403085824494,0.186323713927227,0.61875,"dt_9508_x_ben.recent.wayback_ln_y.train30.test30.roll30_ret_grid.csv","ben.recent.wayback","ln","9508"
4,1,8,0,1,129,0.795086334817213,0.31584640346133,0.213294375456538,0.608333333333333,"dt_9508_x_ben.recent.wayback_ln_y.train30.test30.roll30_ret_grid.csv","ben.recent.wayback","ln","9508"
1,1,2,0,0.5,47,0.868232315816981,0.183992029226171,0.102440828402367,0.90228013029316,"dt_9508_x_ben.recent.wayback_wm_y.train30.test30.roll30_ret_grid.csv","ben.recent.wayback","wm","9508"
2,1,8,0,0.5,47,0.865870019292944,0.261846352485474,0.155593064293387,0.825732899022801,"dt_9508_x_ben.recent.wayback_wm_y.train30.test30.roll30_ret_grid.csv","ben.recent.wayback","wm","9508"
3,1,2,0,1,47,0.817629724975547,0.25167450477412,0.152530661599585,0.719055374592834,"dt_9508_x_ben.recent.wayback_wm_y.train30.test30.roll30_ret_grid.csv","ben.recent.wayback","wm","9508"
4,1,8,0,1,47,0.761528635447486,0.281729428172943,0.186494328673173,0.575732899022801,"dt_9508_x_ben.recent.wayback_wm_y.train30.test30.roll30_ret_grid.csv","ben.recent.wayback","wm","9508"
1,1,2,0,0.5,34,0.549623397164539,0.0617517713168825,0.0322200267703487,0.740117130307467,"dt_9508_x_bencode_cc_y.train30.test30.roll30_ret_grid.csv","bencode","cc","9508"
2,1,8,0,0.5,34,0.555200336356596,0.0625907111756168,0.0326436636598751,0.757686676427526,"dt_9508_x_bencode_cc_y.train30.test30.roll30_ret_grid.csv","bencode","cc","9508"
3,1,2,0,1,34,0.559847471541197,0.0639454890912665,0.0334705075445816,0.714494875549048,"dt_9508_x_bencode_cc_y.train30.test30.roll30_ret_grid.csv","bencode","cc","9508"
4,1,8,0,1,34,0.561089326814668,0.0641834187360399,0.0335992846825779,0.715226939970717,"dt_9508_x_bencode_cc_y.train30.test30.roll30_ret_grid.csv","bencode","cc","9508"
1,1,2,0,0.5,12,0.600875646914231,0.219967651815909,0.153972828324413,0.384971693257849,"dt_9508_x_bencode_fx_y.train30.test30.roll30_ret_grid.csv","bencode","fx","9508"
2,1,8,0,0.5,12,0.567402148830837,0.186263821834605,0.133541759714158,0.307771487390633,"dt_9508_x_bencode_fx_y.train30.test30.roll30_ret_grid.csv","bencode","fx","9508"
3,1,2,0,1,12,0.566680341360368,0.198058701178646,0.179739932885906,0.220535254760679,"dt_9508_x_bencode_fx_y.train30.test30.roll30_ret_grid.csv","bencode","fx","9508"
4,1,8,0,1,12,0.542665606463966,0.158179848320693,0.166952544311035,0.150283067421513,"dt_9508_x_bencode_fx_y.train30.test30.roll30_ret_grid.csv","bencode","fx","9508"
1,1,2,0,0.5,217,0.598771747154218,0.011711571406323,0.00589637435704429,0.850678733031674,"dt_9508_x_bencode_ln_y.train30.test30.roll30_ret_grid.csv","bencode","ln","9508"
2,1,8,0,0.5,217,0.594909290139432,0.0117592653762304,0.00592286959704522,0.805429864253394,"dt_9508_x_bencode_ln_y.train30.test30.roll30_ret_grid.csv","bencode","ln","9508"
3,1,2,0,1,217,0.561478703455666,0.0109270104270818,0.00550696469063816,0.692307692307692,"dt_9508_x_bencode_ln_y.train30.test30.roll30_ret_grid.csv","bencode","ln","9508"
4,1,8,0,1,217,0.570163625630763,0.0111803000283046,0.00563420461434226,0.714932126696833,"dt_9508_x_bencode_ln_y.train30.test30.roll30_ret_grid.csv","bencode","ln","9508"
1,1,2,0,0.5,80,0.575128034377386,0.0346706290242694,0.0180029576287533,0.467445742904841,"dt_9508_x_bencode_wm_y.train30.test30.roll30_ret_grid.csv","bencode","wm","9508"
2,1,8,0,0.5,80,0.547207191039845,0.0371863216746847,0.0201635645798082,0.23873121869783,"dt_9508_x_bencode_wm_y.train30.test30.roll30_ret_grid.csv","bencode","wm","9508"
3,1,2,0,1,80,0.509765380880105,0.0274536719286205,0.0172786177105832,0.0667779632721202,"dt_9508_x_bencode_wm_y.train30.test30.roll30_ret_grid.csv","bencode","wm","9508"
4,1,8,0,1,80,0.509481008356815,0.0272727272727273,0.0172490048651039,0.0651085141903172,"dt_9508_x_bencode_wm_y.train30.test30.roll30_ret_grid.csv","bencode","wm","9508"
1,1,2,0,0.5,40,0.548794711254061,0.0574058043646635,0.03047011027278,0.494893951296151,"dt_9508_x_recent.wayback_cc_y.train30.test30.roll30_ret_grid.csv","recent.wayback","cc","9508"
2,1,8,0,0.5,40,0.530041959877604,0.0538322140496749,0.0288752930413403,0.396700706991359,"dt_9508_x_recent.wayback_cc_y.train30.test30.roll30_ret_grid.csv","recent.wayback","cc","9508"
3,1,2,0,1,40,0.51735152764984,0.0508486317977139,0.027883300410272,0.288295365278869,"dt_9508_x_recent.wayback_cc_y.train30.test30.roll30_ret_grid.csv","recent.wayback","cc","9508"
4,1,8,0,1,40,0.500272765282901,0.0435186907197322,0.0246809408290265,0.18381775333857,"dt_9508_x_recent.wayback_cc_y.train30.test30.roll30_ret_grid.csv","recent.wayback","cc","9508"
1,1,2,0,0.5,7,0.80772606544107,0.477554179566563,0.329907319391635,0.864414694894147,"dt_9508_x_recent.wayback_fx_y.train30.test30.roll30_ret_grid.csv","recent.wayback","fx","9508"
2,1,8,0,0.5,7,0.66498154215529,0.395821727019499,0.358114919354839,0.442403486924035,"dt_9508_x_recent.wayback_fx_y.train30.test30.roll30_ret_grid.csv","recent.wayback","fx","9508"
3,1,2,0,1,7,0.777199495688625,0.469998567950737,0.338932874354561,0.76634495641345,"dt_9508_x_recent.wayback_fx_y.train30.test30.roll30_ret_grid.csv","recent.wayback","fx","9508"
4,1,8,0,1,7,0.672562362159912,0.412232328296211,0.381748242472476,0.448007471980075,"dt_9508_x_recent.wayback_fx_y.train30.test30.roll30_ret_grid.csv","recent.wayback","fx","9508"
1,1,2,0,0.5,257,0.648389290667274,0.0147930802616297,0.00748762376237624,0.608040201005025,"dt_9508_x_recent.wayback_ln_y.train30.test30.roll30_ret_grid.csv","recent.wayback","ln","9508"
2,1,8,0,0.5,257,0.630235537952917,0.0188348664038546,0.00962722489645136,0.4321608040201,"dt_9508_x_recent.wayback_ln_y.train30.test30.roll30_ret_grid.csv","recent.wayback","ln","9508"
3,1,2,0,1,257,0.522256726002268,0.0124851367419738,0.00663507109004739,0.105527638190955,"dt_9508_x_recent.wayback_ln_y.train30.test30.roll30_ret_grid.csv","recent.wayback","ln","9508"
4,1,8,0,1,257,0.498198457988871,0.00678175092478422,0.00361247947454844,0.0552763819095477,"dt_9508_x_recent.wayback_ln_y.train30.test30.roll30_ret_grid.csv","recent.wayback","ln","9508"
1,1,2,0,0.5,51,0.85636532346903,0.192170022371365,0.108295511850731,0.85218253968254,"dt_9508_x_recent.wayback_wm_y.train30.test30.roll30_ret_grid.csv","recent.wayback","wm","9508"
2,1,8,0,0.5,51,0.836649704571629,0.209982788296041,0.121161191749427,0.786706349206349,"dt_9508_x_recent.wayback_wm_y.train30.test30.roll30_ret_grid.csv","recent.wayback","wm","9508"
3,1,2,0,1,51,0.838687503129538,0.196130592503023,0.11167722390526,0.804563492063492,"dt_9508_x_recent.wayback_wm_y.train30.test30.roll30_ret_grid.csv","recent.wayback","wm","9508"
4,1,8,0,1,51,0.705449933653798,0.215083162451583,0.139603667553978,0.468253968253968,"dt_9508_x_recent.wayback_wm_y.train30.test30.roll30_ret_grid.csv","recent.wayback","wm","9508"
1,1,2,0,0.5,22,0.812396087809878,0.5422652351429,0.460688591983556,0.658948915839765,"dt_9538_x_ben.recent.wayback_cc_y.train30.test30.roll30_ret_grid.csv","ben.recent.wayback","cc","9538"
2,1,8,0,0.5,22,0.809791057151947,0.520185884403137,0.430012004801921,0.658213891951488,"dt_9538_x_ben.recent.wayback_cc_y.train30.test30.roll30_ret_grid.csv","ben.recent.wayback","cc","9538"
3,1,2,0,1,22,0.805900371609763,0.505260164913278,0.412010201715743,0.653068724733554,"dt_9538_x_ben.recent.wayback_cc_y.train30.test30.roll30_ret_grid.csv","ben.recent.wayback","cc","9538"
4,1,8,0,1,22,0.806043983665849,0.530501581563488,0.449464012251149,0.647188533627343,"dt_9538_x_ben.recent.wayback_cc_y.train30.test30.roll30_ret_grid.csv","ben.recent.wayback","cc","9538"
1,1,2,0,0.5,11,0.82351613482699,0.404634198669813,0.263172583165885,0.874930413805901,"dt_9538_x_ben.recent.wayback_fx_y.train30.test30.roll30_ret_grid.csv","ben.recent.wayback","fx","9538"
2,1,8,0,0.5,11,0.823669815100743,0.410148362742516,0.26861381015351,0.866951196882539,"dt_9538_x_ben.recent.wayback_fx_y.train30.test30.roll30_ret_grid.csv","ben.recent.wayback","fx","9538"
3,1,2,0,1,11,0.784252071848591,0.425092411393781,0.300607365264857,0.725552050473186,"dt_9538_x_ben.recent.wayback_fx_y.train30.test30.roll30_ret_grid.csv","ben.recent.wayback","fx","9538"
4,1,8,0,1,11,0.690958709748827,0.434427749953626,0.43426664194326,0.434588977546855,"dt_9538_x_ben.recent.wayback_fx_y.train30.test30.roll30_ret_grid.csv","ben.recent.wayback","fx","9538"
1,1,2,0,0.5,136,0.846975901450643,0.132425274309497,0.0724787740733071,0.765864332603939,"dt_9538_x_ben.recent.wayback_ln_y.train30.test30.roll30_ret_grid.csv","ben.recent.wayback","ln","9538"
2,1,8,0,0.5,136,0.834555383141555,0.152223750573132,0.0850192061459667,0.726477024070022,"dt_9538_x_ben.recent.wayback_ln_y.train30.test30.roll30_ret_grid.csv","ben.recent.wayback","ln","9538"
3,1,2,0,1,136,0.814751307872304,0.233968130586864,0.142249527410208,0.658643326039387,"dt_9538_x_ben.recent.wayback_ln_y.train30.test30.roll30_ret_grid.csv","ben.recent.wayback","ln","9538"
4,1,8,0,1,136,0.801950095328141,0.289193302891933,0.188243064729194,0.62363238512035,"dt_9538_x_ben.recent.wayback_ln_y.train30.test30.roll30_ret_grid.csv","ben.recent.wayback","ln","9538"
1,1,2,0,0.5,46,0.880103341230163,0.212918451184337,0.120653789004458,0.904903417533432,"dt_9538_x_ben.recent.wayback_wm_y.train30.test30.roll30_ret_grid.csv","ben.recent.wayback","wm","9538"
2,1,8,0,0.5,46,0.872830086419798,0.222620169651272,0.127482728842832,0.87741456166419,"dt_9538_x_ben.recent.wayback_wm_y.train30.test30.roll30_ret_grid.csv","ben.recent.wayback","wm","9538"
3,1,2,0,1,46,0.770241631702206,0.304714449980836,0.205320247933884,0.590638930163447,"dt_9538_x_ben.recent.wayback_wm_y.train30.test30.roll30_ret_grid.csv","ben.recent.wayback","wm","9538"
4,1,8,0,1,46,0.73161810911227,0.311964822957649,0.22655462184874,0.50074294205052,"dt_9538_x_ben.recent.wayback_wm_y.train30.test30.roll30_ret_grid.csv","ben.recent.wayback","wm","9538"
1,1,2,0,0.5,52,0.513692813102899,0.0397080918652071,0.0220553171196948,0.198924731182796,"dt_9538_x_bencode_cc_y.train30.test30.roll30_ret_grid.csv","bencode","cc","9538"
2,1,8,0,0.5,52,0.511115270975837,0.039,0.0230769230769231,0.125806451612903,"dt_9538_x_bencode_cc_y.train30.test30.roll30_ret_grid.csv","bencode","cc","9538"
3,1,2,0,1,52,0.508092848180677,0.0364063417498532,0.0250403877221325,0.0666666666666667,"dt_9538_x_bencode_cc_y.train30.test30.roll30_ret_grid.csv","bencode","cc","9538"
4,1,8,0,1,52,0.50851276966042,0.0367985280588776,0.0257400257400257,0.0645161290322581,"dt_9538_x_bencode_cc_y.train30.test30.roll30_ret_grid.csv","bencode","cc","9538"
1,1,2,0,0.5,18,0.600299289036209,0.158949243098842,0.0984013230429989,0.413194444444444,"dt_9538_x_bencode_fx_y.train30.test30.roll30_ret_grid.csv","bencode","fx","9538"
2,1,8,0,0.5,18,0.570861878603765,0.142708694146172,0.0920053595355069,0.317901234567901,"dt_9538_x_bencode_fx_y.train30.test30.roll30_ret_grid.csv","bencode","fx","9538"
3,1,2,0,1,18,0.549279382371019,0.136829768532083,0.110297590930562,0.18016975308642,"dt_9538_x_bencode_fx_y.train30.test30.roll30_ret_grid.csv","bencode","fx","9538"
4,1,8,0,1,18,0.528730097547394,0.107445154603558,0.0972786987801064,0.119984567901235,"dt_9538_x_bencode_fx_y.train30.test30.roll30_ret_grid.csv","bencode","fx","9538"
1,1,2,0,0.5,282,0.565993122548584,0.0127433628318584,0.00650916104146577,0.301675977653631,"dt_9538_x_bencode_ln_y.train30.test30.roll30_ret_grid.csv","bencode","ln","9538"
2,1,8,0,0.5,282,0.551368157816312,0.0229074889867841,0.0124342419894787,0.145251396648045,"dt_9538_x_bencode_ln_y.train30.test30.roll30_ret_grid.csv","bencode","ln","9538"
3,1,2,0,1,282,0.505988468876237,0.0104275286757039,0.00641025641025641,0.0279329608938547,"dt_9538_x_bencode_ln_y.train30.test30.roll30_ret_grid.csv","bencode","ln","9538"
4,1,8,0,1,282,0.500484230365293,0.00632244467860906,0.0038961038961039,0.0167597765363128,"dt_9538_x_bencode_ln_y.train30.test30.roll30_ret_grid.csv","bencode","ln","9538"
1,1,2,0,0.5,78,0.555175895486816,0.0360037700282752,0.0190961807638472,0.314144736842105,"dt_9538_x_bencode_wm_y.train30.test30.roll30_ret_grid.csv","bencode","wm","9538"
2,1,8,0,0.5,78,0.539730326293487,0.0327708963230274,0.0174183514774495,0.276315789473684,"dt_9538_x_bencode_wm_y.train30.test30.roll30_ret_grid.csv","bencode","wm","9538"
3,1,2,0,1,78,0.51854789094324,0.0356234096692112,0.0228651423238451,0.0805921052631579,"dt_9538_x_bencode_wm_y.train30.test30.roll30_ret_grid.csv","bencode","wm","9538"
4,1,8,0,1,78,0.516161994177313,0.0338345864661654,0.0219298245614035,0.0740131578947368,"dt_9538_x_bencode_wm_y.train30.test30.roll30_ret_grid.csv","bencode","wm","9538"
1,1,2,0,0.5,52,0.551845907010428,0.0434176052264453,0.0225036153927551,0.614643545279383,"dt_9538_x_recent.wayback_cc_y.train30.test30.roll30_ret_grid.csv","recent.wayback","cc","9538"
2,1,8,0,0.5,52,0.5440618316716,0.0440289227651637,0.0231197097944377,0.460500963391137,"dt_9538_x_recent.wayback_cc_y.train30.test30.roll30_ret_grid.csv","recent.wayback","cc","9538"
3,1,2,0,1,52,0.515511329108892,0.0394520547945206,0.0214705631762801,0.242774566473988,"dt_9538_x_recent.wayback_cc_y.train30.test30.roll30_ret_grid.csv","recent.wayback","cc","9538"
4,1,8,0,1,52,0.510245893340569,0.0378469301934399,0.0212414444182204,0.173410404624277,"dt_9538_x_recent.wayback_cc_y.train30.test30.roll30_ret_grid.csv","recent.wayback","cc","9538"
1,1,2,0,0.5,11,0.800378579072568,0.353148392778512,0.220924466971517,0.879578855012064,"dt_9538_x_recent.wayback_fx_y.train30.test30.roll30_ret_grid.csv","recent.wayback","fx","9538"
2,1,8,0,0.5,11,0.788900230575106,0.354718735471874,0.225060468408943,0.836806317174819,"dt_9538_x_recent.wayback_fx_y.train30.test30.roll30_ret_grid.csv","recent.wayback","fx","9538"
3,1,2,0,1,11,0.761712309789961,0.369069728178288,0.248221044663134,0.719236674709366,"dt_9538_x_recent.wayback_fx_y.train30.test30.roll30_ret_grid.csv","recent.wayback","fx","9538"
4,1,8,0,1,11,0.644069851014669,0.336645962732919,0.318761027249559,0.356657161658258,"dt_9538_x_recent.wayback_fx_y.train30.test30.roll30_ret_grid.csv","recent.wayback","fx","9538"
1,1,2,0,0.5,300,0.606896184710356,0.0183930300096805,0.00946686596910812,0.322033898305085,"dt_9538_x_recent.wayback_ln_y.train30.test30.roll30_ret_grid.csv","recent.wayback","ln","9538"
2,1,8,0,0.5,300,0.568451466353886,0.0103367789263088,0.00524579067603012,0.350282485875706,"dt_9538_x_recent.wayback_ln_y.train30.test30.roll30_ret_grid.csv","recent.wayback","ln","9538"
3,1,2,0,1,300,0.532203461606807,0.0120703227499344,0.00632911392405063,0.129943502824859,"dt_9538_x_recent.wayback_ln_y.train30.test30.roll30_ret_grid.csv","recent.wayback","ln","9538"
4,1,8,0,1,300,0.504768919796447,0.00706090026478376,0.0037243947858473,0.0677966101694915,"dt_9538_x_recent.wayback_ln_y.train30.test30.roll30_ret_grid.csv","recent.wayback","ln","9538"
1,1,2,0,0.5,49,0.847664471275093,0.234514402243181,0.137333930437379,0.802092414995641,"dt_9538_x_recent.wayback_wm_y.train30.test30.roll30_ret_grid.csv","recent.wayback","wm","9538"
2,1,8,0,0.5,49,0.83027766678919,0.202716354248513,0.116335995877351,0.787271142109852,"dt_9538_x_recent.wayback_wm_y.train30.test30.roll30_ret_grid.csv","recent.wayback","wm","9538"
3,1,2,0,1,49,0.834024045016423,0.209528214616096,0.120783895480603,0.789886660854403,"dt_9538_x_recent.wayback_wm_y.train30.test30.roll30_ret_grid.csv","recent.wayback","wm","9538"
4,1,8,0,1,49,0.705432627339613,0.209195402298851,0.134053523201571,0.476024411508282,"dt_9538_x_recent.wayback_wm_y.train30.test30.roll30_ret_grid.csv","recent.wayback","wm","9538"
